/*
SQLyog Community v13.1.9 (64 bit)
MySQL - 10.4.20-MariaDB : Database - db_hotel_samgun
*********************************************************************
*/

/*!40101 SET NAMES utf8 */;

/*!40101 SET SQL_MODE=''*/;

/*!40014 SET @OLD_UNIQUE_CHECKS=@@UNIQUE_CHECKS, UNIQUE_CHECKS=0 */;
/*!40014 SET @OLD_FOREIGN_KEY_CHECKS=@@FOREIGN_KEY_CHECKS, FOREIGN_KEY_CHECKS=0 */;
/*!40101 SET @OLD_SQL_MODE=@@SQL_MODE, SQL_MODE='NO_AUTO_VALUE_ON_ZERO' */;
/*!40111 SET @OLD_SQL_NOTES=@@SQL_NOTES, SQL_NOTES=0 */;
CREATE DATABASE /*!32312 IF NOT EXISTS*/`db_hotel_samgun` /*!40100 DEFAULT CHARACTER SET utf8mb4 */;

USE `db_hotel_samgun`;

/*Table structure for table `detail_extra_fasilitas` */

DROP TABLE IF EXISTS `detail_extra_fasilitas`;

CREATE TABLE `detail_extra_fasilitas` (
  `id_detail_extra_fasilitas` int(11) NOT NULL AUTO_INCREMENT,
  `id_header_extra_fasilitas` int(11) NOT NULL,
  `kode_kamar` varchar(7) NOT NULL,
  `id_extra_fasilitas` int(11) NOT NULL,
  `jumlah_extra_fasilitas` int(5) NOT NULL,
  `subtotal_extra_fasilitas` int(16) NOT NULL,
  `status_detail` int(2) NOT NULL,
  PRIMARY KEY (`id_detail_extra_fasilitas`),
  KEY `id_header_extra_fasilitas` (`id_header_extra_fasilitas`) USING BTREE,
  KEY `kode_kamar` (`kode_kamar`),
  KEY `id_extra_fasilitas` (`id_extra_fasilitas`),
  CONSTRAINT `detail_extra_fasilitas_ibfk_1` FOREIGN KEY (`id_header_extra_fasilitas`) REFERENCES `header_extra_fasilitas` (`id_header_extra_fasilitas`),
  CONSTRAINT `detail_extra_fasilitas_ibfk_2` FOREIGN KEY (`kode_kamar`) REFERENCES `kamar` (`kode_kamar`),
  CONSTRAINT `detail_extra_fasilitas_ibfk_3` FOREIGN KEY (`id_extra_fasilitas`) REFERENCES `extra_fasilitas` (`id_extra_fasilitas`)
) ENGINE=InnoDB AUTO_INCREMENT=8 DEFAULT CHARSET=utf8mb4;

/*Data for the table `detail_extra_fasilitas` */

insert  into `detail_extra_fasilitas`(`id_detail_extra_fasilitas`,`id_header_extra_fasilitas`,`kode_kamar`,`id_extra_fasilitas`,`jumlah_extra_fasilitas`,`subtotal_extra_fasilitas`,`status_detail`) values 
(1,1,'PRT605',10,1,650000,0),
(2,2,'CLK716',3,1,118000,1),
(3,3,'PRS1210',2,1,338000,1),
(4,3,'PRS1210',5,1,248000,1),
(5,3,'PRS1211',7,2,50000,1),
(6,3,'PRS1212',8,2,40000,1),
(7,3,'PRS1212',1,1,278000,1);

/*Table structure for table `detail_fasilitas` */

DROP TABLE IF EXISTS `detail_fasilitas`;

CREATE TABLE `detail_fasilitas` (
  `id_detail_fasilitas` int(11) NOT NULL AUTO_INCREMENT,
  `id_jenis_kamar` int(11) NOT NULL,
  `id_fasilitas` int(11) NOT NULL,
  `status_detail_fasilitas` int(2) NOT NULL,
  PRIMARY KEY (`id_detail_fasilitas`),
  KEY `id_jenis_kamar` (`id_jenis_kamar`),
  KEY `id_fasilitas` (`id_fasilitas`),
  CONSTRAINT `detail_fasilitas_ibfk_1` FOREIGN KEY (`id_jenis_kamar`) REFERENCES `jenis_kamar` (`id_jenis_kamar`),
  CONSTRAINT `detail_fasilitas_ibfk_2` FOREIGN KEY (`id_fasilitas`) REFERENCES `fasilitas` (`id_fasilitas`)
) ENGINE=InnoDB AUTO_INCREMENT=494 DEFAULT CHARSET=utf8mb4;

/*Data for the table `detail_fasilitas` */

insert  into `detail_fasilitas`(`id_detail_fasilitas`,`id_jenis_kamar`,`id_fasilitas`,`status_detail_fasilitas`) values 
(1,3,1,1),
(2,3,20,1),
(3,3,21,1),
(4,3,32,1),
(5,3,33,1),
(6,3,35,1),
(7,3,36,1),
(8,3,37,1),
(9,3,38,1),
(10,3,39,1),
(11,3,40,1),
(12,3,41,1),
(13,3,42,1),
(14,3,43,1),
(15,3,44,1),
(16,3,48,1),
(17,3,50,1),
(18,3,51,1),
(19,3,52,1),
(20,3,53,1),
(21,3,54,1),
(22,3,55,1),
(23,3,58,1),
(24,3,59,1),
(25,3,63,1),
(26,3,64,1),
(27,3,68,1),
(28,3,72,1),
(29,3,73,1),
(30,3,74,1),
(31,3,75,1),
(32,3,76,1),
(33,4,2,1),
(34,4,20,1),
(35,4,21,1),
(36,4,32,1),
(37,4,33,1),
(38,4,35,1),
(39,4,36,1),
(40,4,37,1),
(41,4,38,1),
(42,4,39,1),
(43,4,40,1),
(44,4,41,1),
(45,4,42,1),
(46,4,43,1),
(47,4,48,1),
(48,4,50,1),
(49,4,51,1),
(50,4,52,1),
(51,4,53,1),
(52,4,54,1),
(53,4,55,1),
(54,4,58,1),
(55,4,59,1),
(56,4,63,1),
(57,4,64,1),
(58,4,69,1),
(59,4,72,1),
(60,4,73,1),
(61,4,74,1),
(62,4,75,1),
(63,4,76,1),
(64,5,1,1),
(65,5,20,1),
(66,5,21,1),
(67,5,31,1),
(68,5,32,1),
(69,5,33,1),
(70,5,35,1),
(71,5,36,1),
(72,5,37,1),
(73,5,38,1),
(74,5,39,1),
(75,5,40,1),
(76,5,41,1),
(77,5,42,1),
(78,5,43,1),
(79,5,44,1),
(80,5,48,1),
(81,5,50,1),
(82,5,51,1),
(83,5,52,1),
(84,5,53,1),
(85,5,54,1),
(86,5,55,1),
(87,5,58,1),
(88,5,59,1),
(89,5,63,1),
(90,5,64,1),
(91,5,69,1),
(92,5,72,1),
(93,5,73,1),
(94,5,74,1),
(95,5,75,1),
(96,5,76,1),
(97,6,2,1),
(98,6,20,1),
(99,6,21,1),
(100,6,31,1),
(101,6,32,1),
(102,6,33,1),
(103,6,35,1),
(104,6,36,1),
(105,6,37,1),
(106,6,38,1),
(107,6,39,1),
(108,6,40,1),
(109,6,41,1),
(110,6,42,1),
(111,6,43,1),
(112,6,44,1),
(113,6,48,1),
(114,6,50,1),
(115,6,51,1),
(116,6,52,1),
(117,6,53,1),
(118,6,54,1),
(119,6,55,1),
(120,6,58,1),
(121,6,59,1),
(122,6,63,1),
(123,6,64,1),
(124,6,69,1),
(125,6,72,1),
(126,6,73,1),
(127,6,74,1),
(128,6,75,1),
(129,6,76,1),
(130,7,1,1),
(131,7,3,1),
(132,7,4,1),
(133,7,11,1),
(134,7,12,1),
(135,7,13,1),
(136,7,15,1),
(137,7,18,1),
(138,7,20,1),
(139,7,21,1),
(140,7,30,1),
(141,7,31,1),
(142,7,32,1),
(143,7,33,1),
(144,7,35,1),
(145,7,36,1),
(146,7,37,1),
(147,7,38,1),
(148,7,39,1),
(149,7,40,1),
(150,7,41,1),
(151,7,42,1),
(152,7,43,1),
(153,7,44,1),
(154,7,48,1),
(155,7,50,1),
(156,7,51,1),
(157,7,52,1),
(158,7,53,1),
(159,7,54,1),
(160,7,55,1),
(161,7,56,1),
(162,7,58,1),
(163,7,59,1),
(164,7,63,1),
(165,7,64,1),
(166,7,65,1),
(167,7,66,1),
(168,7,69,1),
(169,7,72,1),
(170,7,73,1),
(171,7,74,1),
(172,7,75,1),
(173,7,76,1),
(174,8,2,1),
(175,8,3,1),
(176,8,4,1),
(177,8,11,1),
(178,8,12,1),
(179,8,14,1),
(180,8,15,1),
(181,8,17,1),
(182,8,18,1),
(183,8,20,1),
(184,8,21,1),
(185,8,31,1),
(186,8,32,1),
(187,8,33,1),
(188,8,35,1),
(189,8,36,1),
(190,8,37,1),
(191,8,38,1),
(192,8,39,1),
(193,8,40,1),
(194,8,41,1),
(195,8,42,1),
(196,8,43,1),
(197,8,45,1),
(198,8,48,1),
(199,8,50,1),
(200,8,51,1),
(201,8,52,1),
(202,8,53,1),
(203,8,54,1),
(204,8,55,1),
(205,8,58,1),
(206,8,59,1),
(207,8,63,1),
(208,8,64,1),
(209,8,65,1),
(210,8,66,1),
(211,8,70,1),
(212,8,72,1),
(213,8,73,1),
(214,8,74,1),
(215,8,75,1),
(216,8,76,1),
(217,8,77,1),
(218,9,1,1),
(219,9,3,1),
(220,9,4,1),
(221,9,5,1),
(222,9,6,1),
(223,9,7,1),
(224,9,8,1),
(225,9,10,1),
(226,9,12,1),
(227,9,13,1),
(228,9,15,1),
(229,9,17,1),
(230,9,18,1),
(231,9,20,1),
(232,9,21,1),
(233,9,22,1),
(234,9,23,1),
(235,9,26,1),
(236,9,30,1),
(237,9,31,1),
(238,9,32,1),
(239,9,33,1),
(240,9,35,1),
(241,9,36,1),
(242,9,37,1),
(243,9,38,1),
(244,9,39,1),
(245,9,40,1),
(246,9,41,1),
(247,9,42,1),
(248,9,43,1),
(249,9,45,1),
(250,9,48,1),
(251,9,50,1),
(252,9,51,1),
(253,9,52,1),
(254,9,53,1),
(255,9,54,1),
(256,9,55,1),
(257,9,58,1),
(258,9,59,1),
(259,9,63,1),
(260,9,64,1),
(261,9,65,1),
(262,9,66,1),
(263,9,70,1),
(264,9,72,1),
(265,9,73,1),
(266,9,74,1),
(267,9,75,1),
(268,9,76,1),
(269,10,1,1),
(270,10,3,1),
(271,10,79,1),
(272,10,4,1),
(273,10,5,1),
(274,10,6,1),
(275,10,7,1),
(276,10,8,1),
(277,10,9,1),
(278,10,10,1),
(279,10,12,1),
(280,10,13,1),
(281,10,15,1),
(282,10,18,1),
(283,10,20,1),
(284,10,21,1),
(285,10,23,1),
(286,10,24,1),
(287,10,26,1),
(288,10,27,1),
(289,10,29,1),
(290,10,32,1),
(291,10,33,1),
(292,10,35,1),
(293,10,36,1),
(294,10,37,1),
(295,10,38,1),
(296,10,39,1),
(297,10,78,1),
(298,10,41,1),
(299,10,42,1),
(300,10,43,1),
(301,10,47,1),
(302,10,49,1),
(303,10,50,1),
(304,10,51,1),
(305,10,52,1),
(306,10,53,1),
(307,10,54,1),
(308,10,55,1),
(309,10,56,1),
(310,10,57,1),
(311,10,58,1),
(312,10,60,1),
(313,10,63,1),
(314,10,64,1),
(315,10,65,1),
(316,10,66,1),
(317,10,67,1),
(318,10,69,1),
(319,10,72,1),
(320,10,73,1),
(321,10,74,1),
(322,10,75,1),
(323,10,76,1),
(324,11,1,1),
(325,11,3,1),
(326,11,79,1),
(327,11,10,1),
(328,11,12,1),
(329,11,13,1),
(330,11,15,1),
(331,11,18,1),
(332,11,20,1),
(333,11,21,1),
(334,11,23,1),
(335,11,26,1),
(336,11,27,1),
(337,11,31,1),
(338,11,32,1),
(339,11,33,1),
(340,11,34,1),
(341,11,35,1),
(342,11,36,1),
(343,11,37,1),
(344,11,38,1),
(345,11,39,1),
(346,11,78,1),
(347,11,41,1),
(348,11,42,1),
(349,11,43,1),
(350,11,46,1),
(351,11,49,1),
(352,11,50,1),
(353,11,51,1),
(354,11,52,1),
(355,11,53,1),
(356,11,54,1),
(357,11,55,1),
(358,11,56,1),
(359,11,58,1),
(360,11,60,1),
(361,11,62,1),
(362,11,63,1),
(363,11,64,1),
(364,11,65,1),
(365,11,66,1),
(366,11,67,1),
(367,11,70,1),
(368,11,72,1),
(369,11,73,1),
(370,11,74,1),
(371,11,75,1),
(372,11,76,1),
(373,12,1,1),
(374,12,3,1),
(375,12,79,1),
(376,12,4,1),
(377,12,6,1),
(378,12,7,1),
(379,12,8,1),
(380,12,9,1),
(381,12,11,1),
(382,12,12,1),
(383,12,13,1),
(384,12,16,1),
(385,12,17,1),
(386,12,18,1),
(387,12,20,1),
(388,12,21,1),
(389,12,22,1),
(390,12,23,1),
(391,12,24,1),
(392,12,25,1),
(393,12,26,1),
(394,12,28,1),
(395,12,29,1),
(396,12,32,1),
(397,12,33,1),
(398,12,80,1),
(399,12,35,1),
(400,12,36,1),
(401,12,37,1),
(402,12,38,1),
(403,12,39,1),
(404,12,78,1),
(405,12,41,1),
(406,12,42,1),
(407,12,43,1),
(408,12,46,1),
(409,12,49,1),
(410,12,50,1),
(411,12,51,1),
(412,12,52,1),
(413,12,53,1),
(414,12,54,1),
(415,12,55,1),
(416,12,56,1),
(417,12,58,1),
(418,12,61,1),
(419,12,62,1),
(420,12,63,1),
(421,12,64,1),
(422,12,65,1),
(423,12,66,1),
(424,12,67,1),
(425,12,71,1),
(426,12,81,1),
(427,12,72,1),
(428,12,73,1),
(429,12,74,1),
(430,12,75,1),
(431,12,76,1),
(432,13,1,1),
(433,13,3,1),
(434,13,4,1),
(435,13,6,1),
(436,13,7,1),
(437,13,8,1),
(438,13,10,1),
(439,13,12,1),
(440,13,16,1),
(441,13,18,1),
(442,13,19,1),
(443,13,20,1),
(444,13,21,1),
(445,13,22,1),
(446,13,23,1),
(447,13,24,1),
(448,13,25,1),
(449,13,26,1),
(450,13,27,1),
(451,13,28,1),
(452,13,32,1),
(453,13,33,1),
(454,13,34,1),
(455,13,80,1),
(456,13,35,1),
(457,13,36,1),
(458,13,37,1),
(459,13,38,1),
(460,13,39,1),
(461,13,78,1),
(462,13,41,1),
(463,13,42,1),
(464,13,43,1),
(465,13,82,1),
(466,13,49,1),
(467,13,50,1),
(468,13,51,1),
(469,13,52,1),
(470,13,53,1),
(471,13,54,1),
(472,13,55,1),
(473,13,56,1),
(474,13,83,1),
(475,13,57,1),
(476,13,58,1),
(477,13,84,1),
(478,13,85,1),
(479,13,86,1),
(480,13,61,1),
(481,13,62,1),
(482,13,63,1),
(483,13,64,1),
(484,13,65,1),
(485,13,66,1),
(486,13,67,1),
(487,13,71,1),
(488,13,81,1),
(489,13,72,1),
(490,13,73,1),
(491,13,74,1),
(492,13,75,1),
(493,13,76,1);

/*Table structure for table `detail_pemesanan_makanan` */

DROP TABLE IF EXISTS `detail_pemesanan_makanan`;

CREATE TABLE `detail_pemesanan_makanan` (
  `id_detail_pemesanan` int(11) NOT NULL AUTO_INCREMENT,
  `kode_pemesanan` varchar(15) NOT NULL,
  `id_makanan` int(11) NOT NULL,
  `jumlah_pemesanan` int(5) NOT NULL,
  `subtotal_biaya_pemesanan` int(16) NOT NULL,
  PRIMARY KEY (`id_detail_pemesanan`),
  KEY `kode_pemesanan` (`kode_pemesanan`),
  KEY `id_makanan` (`id_makanan`),
  CONSTRAINT `detail_pemesanan_makanan_ibfk_1` FOREIGN KEY (`kode_pemesanan`) REFERENCES `header_pemesanan_makanan` (`kode_pemesanan`),
  CONSTRAINT `detail_pemesanan_makanan_ibfk_2` FOREIGN KEY (`id_makanan`) REFERENCES `makanan` (`id_makanan`)
) ENGINE=InnoDB AUTO_INCREMENT=13 DEFAULT CHARSET=utf8mb4;

/*Data for the table `detail_pemesanan_makanan` */

insert  into `detail_pemesanan_makanan`(`id_detail_pemesanan`,`kode_pemesanan`,`id_makanan`,`jumlah_pemesanan`,`subtotal_biaya_pemesanan`) values 
(1,'NOTA26042200001',36,2,276000),
(2,'NOTA26042200001',48,1,148000),
(3,'NOTA26042200001',170,1,55000),
(4,'NOTA26042200002',124,2,376000),
(5,'NOTA26042200002',74,1,478000),
(6,'NOTA26042200002',56,2,136000),
(7,'NOTA26042200002',2,1,158000),
(8,'NOTA01052200001',14,3,534000),
(9,'NOTA01052200001',15,3,414000),
(10,'NOTA04052200001',180,1,70000),
(11,'NOTA16052200001',53,2,270000),
(12,'NOTA16052200001',58,2,136000);

/*Table structure for table `detail_reservasi` */

DROP TABLE IF EXISTS `detail_reservasi`;

CREATE TABLE `detail_reservasi` (
  `id_detail_reservasi` int(11) NOT NULL AUTO_INCREMENT,
  `kode_reservasi` varchar(15) NOT NULL COMMENT 'Untuk 4 digit nomor kamar pada kode reservasi, yang dianggap adalah kamar yang pertama diinputkan dalam pembuatan reservasi itu jika ada lebih dari 1 kamar. Contoh: Samuel Gunawan memesan 2 kamar, yang pertama dengan kode PRS1208 dan yang kedua dengan kode ROS1104, maka 6 digit terakhir dari kode reservasi tersebut adalah SG1208',
  `kode_kamar` varchar(7) NOT NULL,
  `jumlah_penghuni_kamar` int(2) NOT NULL,
  `down_payment` int(16) NOT NULL,
  `deposito` int(16) NOT NULL COMMENT 'Deposito akan dikembalikan apabila tidak ada yang dirusak selama menginap di hotel, tetapi tidak akan dikembalikan apabila ada yang dirusak',
  `jadwal_check_in` date NOT NULL,
  `jadwal_check_out` date NOT NULL,
  `tanggal_check_in` date DEFAULT NULL,
  `tanggal_check_out` date DEFAULT NULL,
  `subtotal_biaya_reservasi` int(16) NOT NULL COMMENT 'Waktu reservasi : 0, waktu check in  : 50% kekurangan harga kamar, waktu check out : 50% kekurangan harga kamar + (extra fasilitas kalo ada)',
  `status_detail_reservasi` int(2) NOT NULL COMMENT '0 = done, 1 = not check-in, 2 = not check out, 99 = cancel reservation',
  PRIMARY KEY (`id_detail_reservasi`),
  KEY `kode_reservasi` (`kode_reservasi`),
  KEY `kode_kamar` (`kode_kamar`),
  CONSTRAINT `detail_reservasi_ibfk_1` FOREIGN KEY (`kode_reservasi`) REFERENCES `header_reservasi` (`kode_reservasi`),
  CONSTRAINT `detail_reservasi_ibfk_2` FOREIGN KEY (`kode_kamar`) REFERENCES `kamar` (`kode_kamar`)
) ENGINE=InnoDB AUTO_INCREMENT=20 DEFAULT CHARSET=utf8mb4;

/*Data for the table `detail_reservasi` */

insert  into `detail_reservasi`(`id_detail_reservasi`,`kode_reservasi`,`kode_kamar`,`jumlah_penghuni_kamar`,`down_payment`,`deposito`,`jadwal_check_in`,`jadwal_check_out`,`tanggal_check_in`,`tanggal_check_out`,`subtotal_biaya_reservasi`,`status_detail_reservasi`) values 
(1,'RSV120422FW1102','ROS1102',1,1800000,500000,'2022-04-25','2022-04-27','2022-04-25','2022-04-27',1800000,0),
(2,'RSV140422BG0911','DES911',2,1300000,0,'2022-04-28','2022-05-01','2022-04-29','2022-05-01',1300000,0),
(3,'RSV170422JM0418','DET418',1,550000,0,'2022-04-20','2022-04-24','2022-04-20','2022-04-24',550000,0),
(4,'RSV180422JB1005','EXS1005',1,1450000,0,'2022-04-22','2022-04-26','2022-04-22','2022-04-26',1450000,0),
(5,'RSV180422JH0603','PRK603',2,630000,0,'2022-04-24','2022-04-29','2022-04-25','2022-04-29',630000,0),
(6,'RSV220422DN0607','PRT607',1,650000,0,'2022-04-27','2022-04-29','2022-04-27','2022-04-29',650000,0),
(7,'RSV230422DN0906','DES906',1,1300000,500000,'2022-04-26','2022-05-18','2022-04-26',NULL,1300000,2),
(8,'RSV250422CK0812','JUS812',1,950000,0,'2022-05-06','2022-05-09','2022-05-06','2022-05-09',950000,0),
(9,'RSV270422YJ0605','PRT605',1,650000,0,'2022-04-30','2022-05-05','2022-04-30','2022-05-05',1300000,0),
(10,'RSV010522LC0711','CLT711',1,825000,0,'2022-05-11','2022-05-14','2022-05-11','2022-05-14',825000,0),
(11,'RSV040522MM0716','CLK716',2,805000,500000,'2022-05-13','2022-05-18','2022-05-13',NULL,923000,2),
(12,'RSV070522SY0406','DEK406',1,530000,500000,'2022-05-17','2022-05-18',NULL,NULL,0,1),
(13,'RSV160522LJ1210','PRS1210',1,4550000,500000,'2022-05-16','2022-05-21','2022-05-16',NULL,5136000,2),
(14,'RSV160522LJ1210','PRS1211',1,4550000,500000,'2022-05-16','2022-05-21','2022-05-16',NULL,4600000,2),
(15,'RSV160522LJ1210','PRS1212',1,4550000,500000,'2022-05-16','2022-05-21','2022-05-16',NULL,4868000,2),
(16,'RSV160522LH1214','PRS1214',1,4550000,500000,'2022-05-16','2022-05-22','2022-05-16',NULL,4550000,2),
(17,'RSV030622KM1111','ROS1111',2,1800000,500000,'2022-06-03','2022-06-06','2022-06-04',NULL,1800000,2),
(18,'RSV030622KM1111','PRS1212',1,4550000,500000,'2022-06-05','2022-06-10',NULL,NULL,0,1),
(19,'RSV030622KM1111','ROS1111',2,1800000,500000,'2022-06-09','2022-06-12',NULL,NULL,0,1);

/*Table structure for table `extra_fasilitas` */

DROP TABLE IF EXISTS `extra_fasilitas`;

CREATE TABLE `extra_fasilitas` (
  `id_extra_fasilitas` int(11) NOT NULL AUTO_INCREMENT,
  `nama_extra_fasilitas` varchar(255) NOT NULL,
  `stok_extra_fasilitas` int(5) NOT NULL,
  `harga_extra_fasilitas` int(16) NOT NULL,
  `status_extra_fasilitas` int(2) NOT NULL,
  PRIMARY KEY (`id_extra_fasilitas`)
) ENGINE=InnoDB AUTO_INCREMENT=11 DEFAULT CHARSET=utf8mb4;

/*Data for the table `extra_fasilitas` */

insert  into `extra_fasilitas`(`id_extra_fasilitas`,`nama_extra_fasilitas`,`stok_extra_fasilitas`,`harga_extra_fasilitas`,`status_extra_fasilitas`) values 
(1,'Blanket',179,278000,1),
(2,'Thick Blanket',119,338000,1),
(3,'Towel',219,118000,1),
(4,'Pillow',240,288000,1),
(5,'Bolster',179,248000,1),
(6,'Slippers',200,78000,1),
(7,'Tissue Pack',198,25000,1),
(8,'Electrical Socket',248,20000,1),
(9,'First Aid Kit',150,48000,1),
(10,'Rollaway Bed',99,650000,1);

/*Table structure for table `fasilitas` */

DROP TABLE IF EXISTS `fasilitas`;

CREATE TABLE `fasilitas` (
  `id_fasilitas` int(11) NOT NULL AUTO_INCREMENT,
  `nama_fasilitas` varchar(255) NOT NULL,
  `status_fasilitas` int(2) NOT NULL,
  PRIMARY KEY (`id_fasilitas`)
) ENGINE=InnoDB AUTO_INCREMENT=87 DEFAULT CHARSET=utf8mb4;

/*Data for the table `fasilitas` */

insert  into `fasilitas`(`id_fasilitas`,`nama_fasilitas`,`status_fasilitas`) values 
(1,'1 King Bed',1),
(2,'2 Double Bed',1),
(3,'Club lounge access',1),
(4,'Private access floor',1),
(5,'Hot buffet breakfast',1),
(6,'Midday snack',1),
(7,'Afternoon tea',1),
(8,'Dessert',1),
(9,'Late night snack',1),
(10,'Cocktails, for a fee',1),
(11,'Complimentary cocktails',1),
(12,'Complimentary non-alcoholic beverages',1),
(13,'Business services, for a fee',1),
(14,'Complimentary business services',1),
(15,'Complimentary pressing, 2 garments per stay',1),
(16,'Complimentary pressing, 5 garments per stay',1),
(17,'Expanded ala carte menu (for purchase)',1),
(18,'Evening Bar Service',1),
(19,'Featherbed',1),
(20,'Duvet',1),
(21,'Air Conditioner',1),
(22,'Non-smoking room',1),
(23,'Living/sitting area',1),
(24,'Dining room',1),
(25,'Dining room is separated',1),
(26,'Living room is separated from bed by privacy wall',1),
(27,'Study',1),
(28,'Walk-in closet',1),
(29,'Hooks',1),
(30,'Windows, soundproof',1),
(31,'USB Outlets',1),
(32,'Marble Bathroom',1),
(33,'Shower/Tub Combination',1),
(34,'Bidet',1),
(35,'Lighted Makeup Mirror',1),
(36,'Hair Dryer',1),
(37,'Robe',1),
(38,'Slippers',1),
(39,'Sofa',1),
(40,'Chair',1),
(41,'Alarm Clock',1),
(42,'Safe, in room',1),
(43,'Outlet with Dual Voltage Adaptors',1),
(44,'Table with seating for 1',1),
(45,'Table with seating for 2',1),
(46,'Table with seating for 4',1),
(47,'Table with seating for 5',1),
(48,'Desk, writing/work, electrical outlet',1),
(49,'Desk, writing/work, with ergonomic chair, and electrical outlet',1),
(50,'Iron and Ironing Board',1),
(51,'Room Service, 24-Hour',1),
(52,'Bottled Water',1),
(53,'Coffee/tea maker',1),
(54,'Instant Hot Water',1),
(55,'Mini-bar, for a fee',1),
(56,'Appetizer',1),
(57,'Refrigerator',1),
(58,'Mini-refrigerator',1),
(59,'Phones: 1',1),
(60,'Phones: 3',1),
(61,'Phones: 4',1),
(62,'Speaker phone',1),
(63,'Complimentary High-Speed Internet',1),
(64,'Complimentary Wireless Internet',1),
(65,'Evening Turndown Service',1),
(66,'Butler Service',1),
(67,'Newspaper delivered to room on request',1),
(68,'TV with Remote Control, 32in/81cm',1),
(69,'TV with Remote Control, 32in/81cm, and Flat screen',1),
(70,'TV with Remote Control, 32in/81cm, and LED screen',1),
(71,'TV with Remote Control, largest 55in/140cm, and LED screen',1),
(72,'Plug-in High Tech Room',1),
(73,'Premium Movie Channels',1),
(74,'Cable/Satellite TV',1),
(75,'International Cable/Satellite TV',1),
(76,'Radio',1),
(77,'iPod Dock',1),
(78,'Chair, with ottoman',1),
(79,'All inclusive',1),
(80,'Double Vanities',1),
(81,'TV: 2',1),
(82,'Table with seating for 6',1),
(83,'Pantry area',1),
(84,'Microwave',1),
(85,'Silverwave',1),
(86,'Dishes and Glasses',1);

/*Table structure for table `header_extra_fasilitas` */

DROP TABLE IF EXISTS `header_extra_fasilitas`;

CREATE TABLE `header_extra_fasilitas` (
  `id_header_extra_fasilitas` int(11) NOT NULL AUTO_INCREMENT,
  `kode_reservasi` varchar(15) NOT NULL,
  `total_biaya_extra_fasilitas` int(16) NOT NULL,
  PRIMARY KEY (`id_header_extra_fasilitas`),
  KEY `kode_reservasi` (`kode_reservasi`) USING BTREE,
  CONSTRAINT `header_extra_fasilitas_ibfk_1` FOREIGN KEY (`kode_reservasi`) REFERENCES `header_reservasi` (`kode_reservasi`)
) ENGINE=InnoDB AUTO_INCREMENT=4 DEFAULT CHARSET=utf8mb4;

/*Data for the table `header_extra_fasilitas` */

insert  into `header_extra_fasilitas`(`id_header_extra_fasilitas`,`kode_reservasi`,`total_biaya_extra_fasilitas`) values 
(1,'RSV270422YJ0605',650000),
(2,'RSV040522MM0716',118000),
(3,'RSV160522LJ1210',954000);

/*Table structure for table `header_pemesanan_makanan` */

DROP TABLE IF EXISTS `header_pemesanan_makanan`;

CREATE TABLE `header_pemesanan_makanan` (
  `id_header_pemesanan` int(11) NOT NULL AUTO_INCREMENT,
  `kode_pemesanan` varchar(15) NOT NULL COMMENT '"NOTA" + 2 digit tanggal pemesanan + 2 digit bulan pemesanan + 2 digit tahun pemesanan + 5 digit nomor urut',
  `tanggal_pemesanan` date NOT NULL,
  `kode_tamu` varchar(7) NOT NULL,
  `total_biaya_pemesanan` int(16) NOT NULL,
  `status_pemesanan_makanan` int(2) NOT NULL,
  PRIMARY KEY (`id_header_pemesanan`),
  UNIQUE KEY `kode_pemesanan` (`kode_pemesanan`),
  KEY `kode_tamu` (`kode_tamu`),
  CONSTRAINT `header_pemesanan_makanan_ibfk_2` FOREIGN KEY (`kode_tamu`) REFERENCES `tamu` (`kode_tamu`)
) ENGINE=InnoDB AUTO_INCREMENT=6 DEFAULT CHARSET=utf8mb4;

/*Data for the table `header_pemesanan_makanan` */

insert  into `header_pemesanan_makanan`(`id_header_pemesanan`,`kode_pemesanan`,`tanggal_pemesanan`,`kode_tamu`,`total_biaya_pemesanan`,`status_pemesanan_makanan`) values 
(1,'NOTA26042200001','2022-04-26','JEHU001',479000,1),
(2,'NOTA26042200002','2022-04-26','DANA002',1148000,1),
(3,'NOTA01052200001','2022-05-01','YIJI001',948000,1),
(4,'NOTA04052200001','2022-05-04','YIJI001',70000,1),
(5,'NOTA16052200001','2022-05-16','LEHY001',406000,1);

/*Table structure for table `header_reservasi` */

DROP TABLE IF EXISTS `header_reservasi`;

CREATE TABLE `header_reservasi` (
  `id_header_reservasi` int(11) NOT NULL AUTO_INCREMENT,
  `kode_reservasi` varchar(15) NOT NULL COMMENT '"RSV" + 2 digit tanggal reservasi + 2 digit bulan reservasi + 2 digit tahun reservasi + 2 digit inisial tamu (1 + 1 digit jika 2 kata/lebih) + 4 digit nomor kamar',
  `kode_tamu` varchar(7) NOT NULL,
  `total_biaya_reservasi` int(16) NOT NULL COMMENT 'Waktu reservasi : DP + deposito, waktu check in  : DP + deposito + 50% kekurangan harga kamar, waktu check out : DP + deposito + 50% kekurangan harga kamar + (extra fasilitas kalo ada)',
  `kode_karyawan` varchar(5) NOT NULL,
  `status_header_reservasi` int(2) NOT NULL COMMENT '0 = all-done, 1 = still-active, 99 = all-cancelled',
  PRIMARY KEY (`id_header_reservasi`),
  UNIQUE KEY `kode_reservasi` (`kode_reservasi`),
  KEY `kode_tamu` (`kode_tamu`),
  KEY `kode_karyawan` (`kode_karyawan`),
  CONSTRAINT `header_reservasi_ibfk_1` FOREIGN KEY (`kode_tamu`) REFERENCES `tamu` (`kode_tamu`),
  CONSTRAINT `header_reservasi_ibfk_2` FOREIGN KEY (`kode_karyawan`) REFERENCES `karyawan` (`kode_karyawan`)
) ENGINE=InnoDB AUTO_INCREMENT=16 DEFAULT CHARSET=utf8mb4;

/*Data for the table `header_reservasi` */

insert  into `header_reservasi`(`id_header_reservasi`,`kode_reservasi`,`kode_tamu`,`total_biaya_reservasi`,`kode_karyawan`,`status_header_reservasi`) values 
(1,'RSV120422FW1102','FRWI001',4100000,'RE001',0),
(2,'RSV140422BG0911','BOGA001',2600000,'RE002',0),
(3,'RSV170422JM0418','JAMO001',1100000,'RE001',0),
(4,'RSV180422JB1005','JIBO001',2900000,'RE001',0),
(5,'RSV180422JH0603','JEHU001',1260000,'RE003',0),
(6,'RSV220422DN0607','DANA001',1300000,'RE001',0),
(7,'RSV230422DN0906','DANA002',3100000,'RE002',1),
(8,'RSV250422CK0812','CHKA001',1900000,'RE003',0),
(9,'RSV270422YJ0605','YIJI001',1950000,'RE001',0),
(10,'RSV010522LC0711','LECH001',1650000,'RE003',0),
(11,'RSV040522MM0716','MYMI001',2228000,'RE003',1),
(12,'RSV070522SY0406','SUYU001',1030000,'RE002',1),
(13,'RSV160522LJ1210','LEJI001',29754000,'RE002',1),
(14,'RSV160522LH1214','LEHY001',9600000,'RE003',1),
(15,'RSV030622KM1111','KIMI001',11450000,'RE001',1);

/*Table structure for table `jenis_kamar` */

DROP TABLE IF EXISTS `jenis_kamar`;

CREATE TABLE `jenis_kamar` (
  `id_jenis_kamar` int(11) NOT NULL AUTO_INCREMENT,
  `nama_jenis_kamar` varchar(255) NOT NULL,
  `harga_jenis_kamar` int(16) NOT NULL,
  `maks_penghuni_kamar` int(2) NOT NULL,
  `total_penyewaan` int(11) NOT NULL,
  `status_jenis_kamar` int(2) NOT NULL,
  PRIMARY KEY (`id_jenis_kamar`),
  UNIQUE KEY `nama_jenis_kamar` (`nama_jenis_kamar`)
) ENGINE=InnoDB AUTO_INCREMENT=14 DEFAULT CHARSET=utf8mb4;

/*Data for the table `jenis_kamar` */

insert  into `jenis_kamar`(`id_jenis_kamar`,`nama_jenis_kamar`,`harga_jenis_kamar`,`maks_penghuni_kamar`,`total_penyewaan`,`status_jenis_kamar`) values 
(1,'Superior King',890000,2,0,0),
(2,'Superior Twin',930000,2,0,0),
(3,'Deluxe King',1060000,2,1,1),
(4,'Deluxe Twin',1100000,2,1,1),
(5,'Premium King',1260000,2,1,1),
(6,'Premium Twin',1300000,2,2,1),
(7,'Club King',1610000,2,1,1),
(8,'Club Twin',1650000,2,1,1),
(9,'Junior Suite',1900000,2,1,1),
(10,'Deluxe Suite',2600000,2,2,1),
(11,'Executive Suite',2900000,2,1,1),
(12,'Royal Suite',3600000,2,1,1),
(13,'Presidential Suite',9100000,2,4,1);

/*Table structure for table `jenis_makanan` */

DROP TABLE IF EXISTS `jenis_makanan`;

CREATE TABLE `jenis_makanan` (
  `id_jenis_makanan` int(11) NOT NULL AUTO_INCREMENT,
  `nama_jenis_makanan` varchar(255) NOT NULL,
  `status_jenis_makanan` int(2) NOT NULL,
  PRIMARY KEY (`id_jenis_makanan`)
) ENGINE=InnoDB AUTO_INCREMENT=24 DEFAULT CHARSET=utf8mb4;

/*Data for the table `jenis_makanan` */

insert  into `jenis_makanan`(`id_jenis_makanan`,`nama_jenis_makanan`,`status_jenis_makanan`) values 
(1,'Starters & Salad',1),
(2,'Soups',1),
(3,'Pasta & Risotto',1),
(4,'Pizza',1),
(5,'Sandwich & Burgers',1),
(6,'Meat',1),
(7,'Grilled',1),
(8,'Barbecues & Marinations',1),
(9,'Seafood',1),
(10,'Rice',1),
(11,'Noodles',1),
(12,'Seasonal Vegetables',1),
(13,'Dim Sum & Bento',1),
(14,'Sushi & Sashimi',1),
(15,'Hot Pot',1),
(16,'Vegetarian',1),
(17,'Dessert',1),
(18,'Coffee',1),
(19,'Mineral Water',1),
(20,'Tea',1),
(21,'Fresh Juices',1),
(22,'Soft Drinks',1),
(23,'Beer',1);

/*Table structure for table `kamar` */

DROP TABLE IF EXISTS `kamar`;

CREATE TABLE `kamar` (
  `id_kamar` int(11) NOT NULL AUTO_INCREMENT,
  `kode_kamar` varchar(7) NOT NULL COMMENT '3 digit jenis kamar (2 digit kata pertama + 1 digit kata terakhir) + no_kamar',
  `nomor_kamar` int(4) NOT NULL COMMENT 'max 2 digit nomor lantai + 2 digit nomor urut',
  `nomor_lantai` int(2) NOT NULL,
  `status_kamar` int(2) NOT NULL COMMENT '0 = used, 1 = available, 2 = unavailable, 99 = deleted',
  `id_jenis_kamar` int(11) NOT NULL,
  PRIMARY KEY (`id_kamar`),
  UNIQUE KEY `kode_kamar` (`kode_kamar`),
  UNIQUE KEY `nomor_kamar` (`nomor_kamar`),
  KEY `id_jenis_kamar` (`id_jenis_kamar`),
  CONSTRAINT `kamar_ibfk_1` FOREIGN KEY (`id_jenis_kamar`) REFERENCES `jenis_kamar` (`id_jenis_kamar`)
) ENGINE=InnoDB AUTO_INCREMENT=213 DEFAULT CHARSET=utf8mb4;

/*Data for the table `kamar` */

insert  into `kamar`(`id_kamar`,`kode_kamar`,`nomor_kamar`,`nomor_lantai`,`status_kamar`,`id_jenis_kamar`) values 
(1,'SUK101',101,1,2,1),
(2,'SUK102',102,1,2,1),
(3,'SUK103',103,1,2,1),
(4,'SUK104',104,1,2,1),
(5,'SUK105',105,1,2,1),
(6,'SUK106',106,1,2,1),
(7,'SUK107',107,1,2,1),
(8,'SUK108',108,1,2,1),
(9,'SUT109',109,1,2,2),
(10,'SUT110',110,1,2,2),
(11,'SUT111',111,1,2,2),
(12,'SUT112',112,1,2,2),
(13,'SUT113',113,1,2,2),
(14,'SUT114',114,1,2,2),
(15,'SUK115',115,1,2,1),
(16,'SUK116',116,1,2,1),
(17,'SUK117',117,1,2,1),
(18,'SUK118',118,1,2,1),
(19,'SUK119',119,1,2,1),
(20,'SUK120',120,1,2,1),
(21,'SUT121',121,1,2,2),
(22,'SUT122',122,1,2,2),
(23,'SUT123',123,1,2,2),
(24,'SUT124',124,1,2,2),
(25,'SUK201',201,2,2,1),
(26,'SUK202',202,2,2,1),
(27,'SUK203',203,2,2,1),
(28,'SUK204',204,2,2,1),
(29,'SUK205',205,2,2,1),
(30,'SUK206',206,2,2,1),
(31,'SUK207',207,2,2,1),
(32,'SUK208',208,2,2,1),
(33,'SUT209',209,2,2,2),
(34,'SUT210',210,2,2,2),
(35,'SUT211',211,2,2,2),
(36,'SUT212',212,2,2,2),
(37,'SUT213',213,2,2,2),
(38,'SUT214',214,2,2,2),
(39,'SUK215',215,2,2,1),
(40,'SUK216',216,2,2,1),
(41,'SUK217',217,2,2,1),
(42,'SUK218',218,2,2,1),
(43,'SUK219',219,2,2,1),
(44,'SUK220',220,2,2,1),
(45,'SUT221',221,2,2,2),
(46,'SUT222',222,2,2,2),
(47,'SUT223',223,2,2,2),
(48,'SUT224',224,2,2,2),
(49,'DEK301',301,3,1,3),
(50,'DEK302',302,3,1,3),
(51,'DEK303',303,3,1,3),
(52,'DEK304',304,3,1,3),
(53,'DEK305',305,3,1,3),
(54,'DEK306',306,3,1,3),
(55,'DEK307',307,3,1,3),
(56,'DEK308',308,3,1,3),
(57,'DET309',309,3,1,4),
(58,'DET310',310,3,1,4),
(59,'DET311',311,3,1,4),
(60,'DET312',312,3,1,4),
(61,'DET313',313,3,1,4),
(62,'DET314',314,3,1,4),
(63,'DET315',315,3,1,4),
(64,'DET316',316,3,1,4),
(65,'DET317',317,3,1,4),
(66,'DET318',318,3,1,4),
(67,'DEK319',319,3,1,3),
(68,'DEK320',320,3,1,3),
(69,'DEK401',401,4,1,3),
(70,'DEK402',402,4,1,3),
(71,'DEK403',403,4,1,3),
(72,'DEK404',404,4,1,3),
(73,'DEK405',405,4,1,3),
(74,'DEK406',406,4,1,3),
(75,'DEK407',407,4,1,3),
(76,'DEK408',408,4,1,3),
(77,'DET409',409,4,1,4),
(78,'DET410',410,4,1,4),
(79,'DET411',411,4,1,4),
(80,'DET412',412,4,1,4),
(81,'DET413',413,4,1,4),
(82,'DET414',414,4,1,4),
(83,'DET415',415,4,1,4),
(84,'DET416',416,4,1,4),
(85,'DET417',417,4,1,4),
(86,'DET418',418,4,1,4),
(87,'DEK419',419,4,1,3),
(88,'DEK420',420,4,1,3),
(89,'PRK501',501,5,1,5),
(90,'PRK502',502,5,1,5),
(91,'PRK503',503,5,1,5),
(92,'PRK504',504,5,1,5),
(93,'PRT505',505,5,1,6),
(94,'PRT506',506,5,1,6),
(95,'PRT507',507,5,1,6),
(96,'PRT508',508,5,1,6),
(97,'PRT509',509,5,1,6),
(98,'PRT510',510,5,1,6),
(99,'PRK511',511,5,1,5),
(100,'PRK512',512,5,1,5),
(101,'PRK513',513,5,1,5),
(102,'PRK514',514,5,1,5),
(103,'PRT515',515,5,1,6),
(104,'PRT516',516,5,1,6),
(105,'PRT517',517,5,1,6),
(106,'PRT518',518,5,1,6),
(107,'PRK601',601,6,1,5),
(108,'PRK602',602,6,1,5),
(109,'PRK603',603,6,1,5),
(110,'PRK604',604,6,1,5),
(111,'PRT605',605,6,1,6),
(112,'PRT606',606,6,1,6),
(113,'PRT607',607,6,1,6),
(114,'PRT608',608,6,1,6),
(115,'PRT609',609,6,1,6),
(116,'PRT610',610,6,1,6),
(117,'PRK611',611,6,1,5),
(118,'PRK612',612,6,1,5),
(119,'PRK613',613,6,1,5),
(120,'PRK614',614,6,1,5),
(121,'PRT615',615,6,1,6),
(122,'PRT616',616,6,1,6),
(123,'PRT617',617,6,1,6),
(124,'PRT618',618,6,1,6),
(125,'CLK701',701,7,1,7),
(126,'CLK702',702,7,1,7),
(127,'CLK703',703,7,1,7),
(128,'CLK704',704,7,1,7),
(129,'CLK705',705,7,1,7),
(130,'CLK706',706,7,1,7),
(131,'CLK707',707,7,1,7),
(132,'CLK708',708,7,1,7),
(133,'CLT709',709,7,1,8),
(134,'CLT710',710,7,1,8),
(135,'CLT711',711,7,1,8),
(136,'CLT712',712,7,1,8),
(137,'CLT713',713,7,1,8),
(138,'CLT714',714,7,1,8),
(139,'CLK715',715,7,1,7),
(140,'CLK716',716,7,0,7),
(141,'CLT717',717,7,1,8),
(142,'CLT718',718,7,1,8),
(143,'JUS801',801,8,1,9),
(144,'JUS802',802,8,1,9),
(145,'JUS803',803,8,1,9),
(146,'JUS804',804,8,1,9),
(147,'JUS805',805,8,1,9),
(148,'JUS806',806,8,1,9),
(149,'JUS807',807,8,1,9),
(150,'JUS808',808,8,1,9),
(151,'JUS809',809,8,1,9),
(152,'JUS810',810,8,1,9),
(153,'JUS811',811,8,1,9),
(154,'JUS812',812,8,1,9),
(155,'JUS813',813,8,1,9),
(156,'JUS814',814,8,1,9),
(157,'DES901',901,9,1,10),
(158,'DES902',902,9,1,10),
(159,'DES903',903,9,1,10),
(160,'DES904',904,9,1,10),
(161,'DES905',905,9,1,10),
(162,'DES906',906,9,0,10),
(163,'DES907',907,9,1,10),
(164,'DES908',908,9,1,10),
(165,'DES909',909,9,1,10),
(166,'DES910',910,9,1,10),
(167,'DES911',911,9,1,10),
(168,'DES912',912,9,1,10),
(169,'DES913',913,9,1,10),
(170,'DES914',914,9,1,10),
(171,'EXS1001',1001,10,1,11),
(172,'EXS1002',1002,10,1,11),
(173,'EXS1003',1003,10,1,11),
(174,'EXS1004',1004,10,1,11),
(175,'EXS1005',1005,10,1,11),
(176,'EXS1006',1006,10,1,11),
(177,'EXS1007',1007,10,1,11),
(178,'EXS1008',1008,10,1,11),
(179,'EXS1009',1009,10,1,11),
(180,'EXS1010',1010,10,1,11),
(181,'EXS1011',1011,10,1,11),
(182,'EXS1012',1012,10,1,11),
(183,'EXS1013',1013,10,1,11),
(184,'EXS1014',1014,10,1,11),
(185,'ROS1101',1101,11,1,12),
(186,'ROS1102',1102,11,1,12),
(187,'ROS1103',1103,11,1,12),
(188,'ROS1104',1104,11,1,12),
(189,'ROS1105',1105,11,1,12),
(190,'ROS1106',1106,11,1,12),
(191,'ROS1107',1107,11,1,12),
(192,'ROS1108',1108,11,1,12),
(193,'ROS1109',1109,11,1,12),
(194,'ROS1110',1110,11,1,12),
(195,'ROS1111',1111,11,1,12),
(196,'ROS1112',1112,11,1,12),
(197,'ROS1113',1113,11,1,12),
(198,'ROS1114',1114,11,1,12),
(199,'PRS1201',1201,12,1,13),
(200,'PRS1202',1202,12,1,13),
(201,'PRS1203',1203,12,1,13),
(202,'PRS1204',1204,12,1,13),
(203,'PRS1205',1205,12,1,13),
(204,'PRS1206',1206,12,1,13),
(205,'PRS1207',1207,12,1,13),
(206,'PRS1208',1208,12,1,13),
(207,'PRS1209',1209,12,1,13),
(208,'PRS1210',1210,12,0,13),
(209,'PRS1211',1211,12,0,13),
(210,'PRS1212',1212,12,0,13),
(211,'PRS1213',1213,12,1,13),
(212,'PRS1214',1214,12,1,13);

/*Table structure for table `karyawan` */

DROP TABLE IF EXISTS `karyawan`;

CREATE TABLE `karyawan` (
  `id_karyawan` int(11) NOT NULL AUTO_INCREMENT,
  `kode_karyawan` varchar(5) NOT NULL COMMENT '2 digit roles + 3 digit nomor urut',
  `username` varchar(255) NOT NULL,
  `nama_karyawan` varchar(255) NOT NULL,
  `jenis_kelamin_karyawan` varchar(1) NOT NULL,
  `tanggal_lahir_karyawan` date NOT NULL,
  `alamat_karyawan` varchar(255) NOT NULL,
  `nomor_telepon_karyawan` varchar(13) NOT NULL,
  `email_karyawan` varchar(255) NOT NULL,
  `password` varchar(255) NOT NULL,
  `roles` varchar(11) NOT NULL,
  `status_karyawan` int(2) NOT NULL,
  PRIMARY KEY (`id_karyawan`),
  UNIQUE KEY `kode_karyawan` (`kode_karyawan`),
  UNIQUE KEY `username` (`username`)
) ENGINE=InnoDB AUTO_INCREMENT=8 DEFAULT CHARSET=utf8mb4;

/*Data for the table `karyawan` */

insert  into `karyawan`(`id_karyawan`,`kode_karyawan`,`username`,`nama_karyawan`,`jenis_kelamin_karyawan`,`tanggal_lahir_karyawan`,`alamat_karyawan`,`nomor_telepon_karyawan`,`email_karyawan`,`password`,`roles`,`status_karyawan`) values 
(1,'AD001','ExE','Aaron Linggo Satria','L','2002-01-01','Jl. Isekai 1, Isekai','081234567890','aaron_l20@mhs.istts.ac.id','admin1234','Admin',1),
(2,'AD002','acxel','Acxel Derian Afandi','L','2002-03-01','Jl. Isekai 2, Isekai','081245678903','acxel_d20@mhs.istts.ac.id','admin1234','Admin',1),
(3,'AD003','MrKarep','Ignatius Odi','L','2002-05-01','Jl. Isekai 3, Isekai','081256789034','ignatius_o20@mhs.istts.ac.id','admin1234','Admin',1),
(4,'AD004','SamGun_Official','Samuel Gunawan','L','2002-07-01','Jl. Isekai 4, Isekai','081267890345','samuel_20@mhs.istts.ac.id','admin1234','Admin',1),
(5,'RE001','Kosmas','Kenny','P','2002-02-01','Jl. Ngagel Jaya 73, Surabaya','089265430987','kenny_20@mhs.istts.ac.id','12345678','Resepsionis',1),
(6,'RE002','KaiserX00','Mikhael Chris','L','2002-04-01','Jl. Ngagel Jaya 74, Surabaya','089254309876','mikhael_c20@mhs.istts.ac.id','12345678','Resepsionis',1),
(7,'RE003','CBEngineer','Alexander Kevin','L','2002-06-01','Jl. Ngagel Jaya 75, Surabaya','089243098765','alexander_k20@mhs.istts.ac.id','12345678','Resepsionis',1);

/*Table structure for table `makanan` */

DROP TABLE IF EXISTS `makanan`;

CREATE TABLE `makanan` (
  `id_makanan` int(11) NOT NULL AUTO_INCREMENT,
  `nama_makanan` varchar(255) NOT NULL,
  `harga_makanan` int(16) NOT NULL,
  `stok_makanan` int(5) NOT NULL,
  `total_terjual` int(11) NOT NULL,
  `status_makanan` int(2) NOT NULL,
  `id_jenis_makanan` int(11) NOT NULL,
  PRIMARY KEY (`id_makanan`),
  KEY `id_jenis_makanan` (`id_jenis_makanan`),
  CONSTRAINT `makanan_ibfk_1` FOREIGN KEY (`id_jenis_makanan`) REFERENCES `jenis_makanan` (`id_jenis_makanan`)
) ENGINE=InnoDB AUTO_INCREMENT=213 DEFAULT CHARSET=utf8mb4;

/*Data for the table `makanan` */

insert  into `makanan`(`id_makanan`,`nama_makanan`,`harga_makanan`,`stok_makanan`,`total_terjual`,`status_makanan`,`id_jenis_makanan`) values 
(1,'Caesar Salad with Roasted Chicken Fillets',108000,200,0,1,1),
(2,'Caesar Salad with Smoked Salmon',158000,199,1,1,1),
(3,'Chef Salad',68000,200,0,1,1),
(4,'Mushroom Soup',68000,200,0,1,2),
(5,'Tomato Soup',68000,200,0,1,2),
(6,'Tom Yam Goong',128000,200,0,1,2),
(7,'Rawon Oxtail Soup',138000,200,0,1,2),
(8,'Bromo Special Oxtail',138000,200,0,1,2),
(9,'Soto Lamongan',98000,200,0,1,2),
(10,'Indonesian Fried Rice with Seafood',120000,200,0,1,10),
(11,'Nasi Bakar Tuna',128000,200,0,1,10),
(12,'Rujak Cingur',88000,200,0,1,1),
(13,'Gado Gado',78000,200,0,1,1),
(14,'Iga Bakar Sapi',178000,197,3,1,7),
(15,'Bebek Betutu',138000,197,3,1,6),
(16,'Chicken Taliwang',138000,200,0,1,7),
(17,'Oxtail Fried Rice',120000,200,0,1,10),
(18,'Javanese Fried Noodles',118000,200,0,1,11),
(19,'Madurese Satay (12 pcs)',138000,200,0,1,6),
(20,'Chicken Adobo (Philippines)',98000,200,0,1,10),
(21,'Japanese Curry Beef Katsu Udon',158000,200,0,1,11),
(22,'Beef Tenderloin Steak - 200 grams',388000,200,0,1,7),
(23,'Rib Eye Steak - 250 grams',348000,200,0,1,7),
(24,'Sirloin Steak - 250 grams',315000,200,0,1,7),
(25,'Lamb Chops - 220 grams (3 pieces)',378000,200,0,1,7),
(26,'Chicken Breast - 160 grams',160000,200,0,1,7),
(27,'Salmon Fillet - 180 grams',298000,200,0,1,9),
(28,'Wagyu Burger (180 gr)',208000,200,0,1,5),
(29,'Club Sandwich',130000,200,0,1,5),
(30,'Country Tuna',138000,200,0,1,5),
(31,'Bulgogi Sandwich',138000,200,0,1,5),
(32,'Chicken Tortilla Rujak Sauce',108000,200,0,1,5),
(33,'Tagliatelle Pasta with Wild Mushrooms and Pancetta',148000,200,0,1,3),
(34,'Wild Mushroom Risotto',148000,200,0,1,3),
(35,'Pappardelle with Lamb Ragu',168000,200,0,1,3),
(36,'Beef Lasagna Bolognese',138000,198,2,1,3),
(37,'Spaghetti Carbonara',148000,200,0,1,3),
(38,'Spaghetti Aglio E Olio',110000,200,0,1,3),
(39,'Ricotta Cheese and Mushroom Tortelloni',188000,200,0,1,3),
(40,'Gnocchi with Basil Pesto',168000,200,0,1,3),
(41,'Margherita Pizza',98000,200,0,1,4),
(42,'Quattro Formaggi',160000,200,0,1,4),
(43,'Capricciosa Pizza',138000,200,0,1,4),
(44,'Diavola Pizza',138000,200,0,1,4),
(45,'Sauteed Mushrooms Pizza',148000,200,0,1,4),
(46,'Tuna Pizza',148000,200,0,1,4),
(47,'Grilled Chicken Pizza',148000,200,0,1,4),
(48,'Beef Pepperoni Pizza',148000,199,1,1,4),
(49,'Smoked Beef Ham Pizza',148000,200,0,1,4),
(50,'Tandoori Roti',168000,200,0,1,5),
(51,'Naan Bread with Buttered Garlic and Cheese',68000,200,0,1,5),
(52,'Rice Briyani with Lamb',148000,200,0,1,10),
(53,'Chicken Butter Masala',135000,198,2,1,7),
(54,'Tandoori with Chicken and Prawns',138000,200,0,1,8),
(55,'Deep Fried Banana with Cinnamon',78000,200,0,1,17),
(56,'Tiramisu',68000,198,2,1,17),
(57,'Seasonal Local Fruits Platter',78000,200,0,1,17),
(58,'Vanilla/Strawberry/Chocolate/Oreo/Coffee Gelato Ice Cream (2 scoops)',68000,198,2,1,17),
(59,'Espresso Parfait',88000,200,0,1,17),
(60,'Chocolate Salami',78000,200,0,1,17),
(61,'Wok-Fried Crispy Pork Belly Cantonese Style',208000,200,0,1,8),
(62,'Salted Egg with Crispy Fragrant Fish Skin',128000,200,0,1,8),
(63,'Poached Chicken with Fragrant Ma La Sauce',208000,200,0,1,8),
(64,'Fragrant Sliced Pecking Duck with Cucumber and Crispy Corn',128000,200,0,1,8),
(65,'Fragrant Sliced Top-Shell with Spicy Sour',308000,200,0,1,8),
(66,'Crystal Barbecued Pork Belly \"Char Siew\"',176000,200,0,1,8),
(67,'Barbecued Meat Platter',298000,200,0,1,8),
(68,'Peking Duck - Two Ways',288000,200,0,1,8),
(69,'Cantonese Crispy Chicken',148000,200,0,1,8),
(70,'Szechuan Seafood Soup',68000,200,0,1,2),
(71,'Golden Carrot Soup',68000,200,0,1,2),
(72,'Double Boiled Dried Scallop, Fish Maw, and Sea Cucumber Soup',108000,200,0,1,2),
(73,'Golden Fragrant Fish Lip Soup',88000,200,0,1,2),
(74,'Double Boiled Three-Treasure Soup',478000,199,1,1,2),
(75,'Steamed Hokkaido Scallops with Minced Garlic Butter and Glass Noodles',658000,200,0,1,9),
(76,'Steamed Tiger Prawns with Minced Garlic Butter and Glass Noodles',248000,200,0,1,9),
(77,'Wok-Fried Fragrant Prawns',388000,200,0,1,9),
(78,'Wok-Fried Marble Fish Fillet (100 gram)',128000,200,0,1,9),
(79,'Wok-Fried Gurami Fish Fillet (100 gram)',60000,200,0,1,9),
(80,'Wok-Fried Red Tilapia Fish Fillet (100 gram)',65000,200,0,1,9),
(81,'Grouper Fish Steamed with Garlic Butter',88000,200,0,1,9),
(82,'Baby Lobster',258000,200,0,1,9),
(83,'Green Lobster',288000,200,0,1,9),
(84,'Wok-Fried/Pan Seared Beef with Black Pepper Sauce',338000,200,0,1,6),
(85,'Wok-Fried/Pan Seared Beef with Red Wine Sauce',348000,200,0,1,6),
(86,'Wok-Fried/Pan Seared Beef with Mongolian Sauce',298000,200,0,1,6),
(87,'Wok-Fried Pork with Sweet and Sour Sauce',158000,200,0,1,6),
(88,'Wok-Fried Pork with Red Wine Sauce',218000,200,0,1,6),
(89,'Wok-Fried Pork with Wok-Fried Ginger, Sliced Spring Onion and Garlic',158000,200,0,1,6),
(90,'Wok-Fried Chicken with Three Cup Sauce',158000,200,0,1,6),
(91,'Wok-Fried Chicken with Fragrant Butter Sauce',158000,200,0,1,6),
(92,'Wok-Fried Chicken with Walnut Sauce',158000,200,0,1,6),
(93,'Wok-Fried Chicken with X.O. Sauce',288000,200,0,1,6),
(94,'Eight Treasure Flamed Chicken in Clay (Pre-order only)',988000,200,0,1,6),
(95,'Stir-Fried French Bean with Shimeji Mushrooms and Minced Chicken \"Sichuan\" Style',138000,200,0,1,12),
(96,'Braised Eggplant with Minced Chicken in Hot Bean Paste',138000,200,0,1,12),
(97,'Crispy Homemade Beancurd with Fruit Sauce',138000,200,0,1,12),
(98,'Blanched is Spinach with Enoki Mushrooms, Wolfberries and Beancurd skin',148000,200,0,1,12),
(99,'Broccoli/Spinach/Chinese Cabbage/Celery/Kai-lan/Seasonal Vegetables',118000,200,0,1,12),
(100,'Young Chow Seafood Fried Rice',208000,200,0,1,10),
(101,'Crispy Fried Rice with Caviar and Seafood',208000,200,0,1,10),
(102,'X.O. Seafood Fried Rice',258000,200,0,1,10),
(103,'Steamed Dumpling Prawn in Fragrant Ma La Sauce',138000,200,0,1,13),
(104,'Steamed Chicken with Mushroom Pau (4 pieces)',98000,200,0,1,13),
(105,'Baked Eight-Minute Rice with Seafood in Curry Sauce Nanyang Style',258000,200,0,1,10),
(106,'Boiled Pork Dumplings with Minced Chinese Celery Stuffing (8 pieces)',108000,200,0,1,13),
(107,'Braised Noodles with Seafood Cantonese Style',208000,200,0,1,11),
(108,'Crispy Noodles with Chicken Cantonese Style',188000,200,0,1,11),
(109,'Dry Wanton Noodles with Chicken',188000,200,0,1,11),
(110,'Beef Noodle Soup',208000,200,0,1,11),
(111,'Stir-Fried Flat Rice Noodles with Sliced Beef Tenderloin Onion and Bean Sprouts',208000,200,0,1,11),
(112,'Rice Noodles Meesua with Ginger Wine and Fried Egg Soup',188000,200,0,1,11),
(113,'Singaporean Fried Vermicelli Noodles with Seafood',208000,200,0,1,11),
(114,'Braised Vermicelli Noodles with Pork',188000,200,0,1,11),
(115,'Rice Noodles Meesua with Seafood & Fish Bone Soup',258000,200,0,1,11),
(116,'Steamed Pork Spare Ribs',38000,200,0,1,13),
(117,'Glatinous Rice Dumplings with Minced Duck in Black Pepper Sauce',38000,200,0,1,13),
(118,'Steamed Beancurd Skin with Pork Vegetable and Thai Chili Sauce',38000,200,0,1,13),
(119,'Steamed Bacon Rolls with King Sauce',38000,200,0,1,13),
(120,'Barbecue Pork Bun',38000,200,0,1,13),
(121,'Nishimura Bento',598000,200,0,1,13),
(122,'Maiko Bento',338000,200,0,1,13),
(123,'Sushi Bento',268000,200,0,1,13),
(124,'Grilled Beef with Teriyaki Sauce',188000,198,2,1,7),
(125,'Grilled Chicken with Teriyaki Sauce',88000,200,0,1,7),
(126,'Assorted Grilled Chicken Skewers',118000,200,0,1,7),
(127,'Grilled Eggplant',58000,200,0,1,7),
(128,'Grilled Mackarel',118000,200,0,1,7),
(129,'Grilled Squid with Salt',88000,200,0,1,7),
(130,'Grilled Saury Fish',88000,200,0,1,7),
(131,'Grilled Marinated Cod Fish with Miso',538000,200,0,1,7),
(132,'Grilled Salmon with Teriyaki Sauce or Salt',148000,200,0,1,7),
(133,'Assorted Deluxe Sushi',458000,200,0,1,14),
(134,'Marinated Tuna on Sushi Rice',135000,200,0,1,14),
(135,'Vinegar Mackarel on Sushi Rice',880000,200,0,1,14),
(136,'Vinegar Salmon on Sushi Rice',108000,200,0,1,14),
(137,'Salmon and Salmon Roe on Sushi Rice',188000,200,0,1,14),
(138,'Sushi with Tempura Prawn',128000,200,0,1,14),
(139,'Soft Shell Crab Roll',188000,200,0,1,14),
(140,'Grilled Salmon Salad Roll',168000,200,0,1,14),
(141,'Tempura Sushi Rool with Sea Eel',118000,200,0,1,14),
(142,'Crab Stick Sashimi',78000,200,0,1,14),
(143,'Assorted Deluxe Sashimi',458000,200,0,1,14),
(144,'Sansyu Sashimi Moriawase (Three kinds of Sashimi)',98000,200,0,1,14),
(145,'Cold Noodles',158000,200,0,1,11),
(146,'Hot Sweet Fried Tofu Noodles',148000,200,0,1,11),
(147,'Egg and Fried Tofu Hot Noodles',168000,200,0,1,11),
(148,'Tempura Hot Noodles',138000,200,0,1,11),
(149,'Beef Hot Noodles',158000,200,0,1,11),
(150,'Seafood Hot Noodles',178000,200,0,1,11),
(151,'Green Tea Noodles',98000,200,0,1,11),
(152,'White Thin Noodles',68000,200,0,1,11),
(153,'Shabu-Shabu Imported Beef',318000,200,0,1,15),
(154,'Shabu-Shabu Wagyu Beef',888000,200,0,1,15),
(155,'Sukiyaki Imported Beef',308000,200,0,1,15),
(156,'Sukiyaki Wagyu Beef',888000,200,0,1,15),
(157,'Chilled Chinese Pear with Honey and Lemon',188000,200,0,1,17),
(158,'Refreshing Lemongrass Jelly with Lime Sorbet',38000,200,0,1,17),
(159,'Double-Bouled Imperial Bird\'s Nest with Honey and Lemon',188000,200,0,1,17),
(160,'Tempura Custard Milk Cream',38000,200,0,1,17),
(161,'Deep-Fried Crumbled Taro Ice Cream',58000,200,0,1,17),
(162,'Asparagus with Cream Corn Soup',68000,200,0,1,16),
(163,'Vegetarian Duck with Chinese Flower Buns and Condiments',138000,200,0,1,16),
(164,'Braised Assorted Wild Mushrooms with Pak Choy',138000,200,0,1,16),
(165,'Sauteed Mixed Vegetables with Cashew Nuts',138000,200,0,1,16),
(166,'Vegetarian Fried Rice',138000,200,0,1,16),
(167,'Orange Juice',75000,200,0,1,21),
(168,'Pineapple Juice',55000,200,0,1,21),
(169,'Watermelon Juice',55000,200,0,1,21),
(170,'Avocado Juice',55000,199,1,1,21),
(171,'Melon Juice',55000,200,0,1,21),
(172,'Coca-Cola (Regular, Zero, Diet)',45000,200,0,1,22),
(173,'Sprite',45000,200,0,1,22),
(174,'Tonic Water',45000,200,0,1,22),
(175,'Soda Water',45000,200,0,1,22),
(176,'Ginger Ale',45000,200,0,1,22),
(177,'Green Sands',45000,200,0,1,22),
(178,'Cold Ocha',40000,200,0,1,22),
(179,'Sapporo',125000,200,0,1,23),
(180,'Bintang Beer 300 ml',70000,199,1,1,23),
(181,'Heineken 300 ml',90000,200,0,1,23),
(182,'San Miguel 300 ml',78000,200,0,1,23),
(183,'Carlsberg 300 ml',78000,200,0,1,23),
(184,'Guinness Stout 300 ml',83000,200,0,1,23),
(185,'Acqua Panna Natural 500 ml',65000,200,0,1,19),
(186,'Acqua Panna Natural 1000 ml',110000,200,0,1,19),
(187,'San Pellegrino Sparkling 500 ml',65000,200,0,1,19),
(188,'San Pellegrino Sparkling 1000 ml',110000,200,0,1,19),
(189,'Evian 500 ml',55000,200,0,1,19),
(190,'Fiji Water 500 ml',55000,200,0,1,19),
(191,'Equil Still 330 ml',48000,200,0,1,19),
(192,'Equil Sparkling 330 ml',48000,200,0,1,19),
(193,'Aqua Reflection Still 500 ml',48000,200,0,1,19),
(194,'Aqua Reflection Sparkling 500 ml',48000,200,0,1,19),
(195,'French Earl Grey',65000,200,0,1,20),
(196,'Chamomile',65000,200,0,1,20),
(197,'Moroccan Mint',65000,200,0,1,20),
(198,'Jasmine Queen',65000,200,0,1,20),
(199,'Oolong Prestige',65000,200,0,1,20),
(200,'Ice Tea',55000,200,0,1,20),
(201,'Ice Lemon Tea',55000,200,0,1,20),
(202,'Ice Strawberry Tea',55000,200,0,1,20),
(203,'Ice Lychee Tea',55000,200,0,1,20),
(204,'Café Mocha',65000,200,0,1,18),
(205,'Black Coffee (Americano)',59000,200,0,1,18),
(206,'Cappuccino',59000,200,0,1,18),
(207,'Piccolo Latte',59000,200,0,1,18),
(208,'Espresso',59000,200,0,1,18),
(209,'Macchiato',59000,200,0,1,18),
(210,'Ristretto',59000,200,0,1,18),
(211,'Corretto',150000,200,0,1,18),
(212,'Flat White',65000,200,0,1,18);

/*Table structure for table `tamu` */

DROP TABLE IF EXISTS `tamu`;

CREATE TABLE `tamu` (
  `id_tamu` int(11) NOT NULL AUTO_INCREMENT,
  `kode_tamu` varchar(7) NOT NULL COMMENT '4 digit nama tamu (2 + 2 digit jika 2 kata/lebih) + 3 digit nomor urut',
  `nama_tamu` varchar(255) NOT NULL,
  `jenis_kelamin_tamu` varchar(1) NOT NULL,
  `tanggal_lahir_tamu` date NOT NULL,
  `alamat_tamu` varchar(255) NOT NULL,
  `negara_asal` varchar(255) NOT NULL,
  `nomor_telepon_tamu` varchar(13) NOT NULL,
  `email_tamu` varchar(255) NOT NULL,
  `status_tamu` int(2) NOT NULL,
  PRIMARY KEY (`id_tamu`),
  UNIQUE KEY `kode_tamu` (`kode_tamu`)
) ENGINE=InnoDB AUTO_INCREMENT=16 DEFAULT CHARSET=utf8mb4;

/*Data for the table `tamu` */

insert  into `tamu`(`id_tamu`,`kode_tamu`,`nama_tamu`,`jenis_kelamin_tamu`,`tanggal_lahir_tamu`,`alamat_tamu`,`negara_asal`,`nomor_telepon_tamu`,`email_tamu`,`status_tamu`) values 
(1,'FRWI001','Frank Williams','L','1978-10-17','Jl. Siliwangi 381, Jawa Tengah','United States','0247608795','frankdwilliams@armyspy.com',1),
(2,'BOGA001','Bobby Gainer','L','1977-07-22','Jl. Hayam Wuruk Glodok Jaya Blok C/28 Lt. Dasar, DKI Jakarta','United States','0152746701','bobbyagainer@dayrep.com',1),
(3,'JAMO001','Janice Moore','P','1998-01-19','Jl. Ngagel Jaya Indah I/10, Jawa Timur','United States','0315025552','janicetmoore@teleworm.us',1),
(4,'JIBO001','Jimmy Boggs','L','1980-06-10','Jl. Kalibutuh 195-197, Jawa Timur','United States','0315311552','jimmysboggs@rhyta.com',1),
(5,'JEHU001','Jennie Huff','P','1990-05-13','Jl. Cempaka Putih XIX 8 RT 007/07, DKI Jakarta','United States','0214264274','jennielhuff@jourrapide.com',1),
(6,'DANA001','Dalia Napolitano','P','1986-10-27','Jl. Rawagatel Kav. III Blok S-39, DKI Jakarta','Italy','0214894934','dalianapolitano@rhyta.com',1),
(7,'DANA002','Dalgisa Napolitano','P','1996-07-12','Jl. Jayakarta 141 Blok C/14, DKI Jakarta','Italy','0216289758','dalgisanapolitano@armyspy.com',1),
(8,'CHKA001','Chen Kang','L','1980-02-11','Jl. Jend Sudirman Kav. 33 A Wisma Standard Chartered Bank, DKI Jakarta','China','0215721057','chenkang@teleworm.us',1),
(9,'YIJI001','Yi Jie Tseng','P','1989-10-28','Jl. Letjen Haryono MT 821, Jawa Tengah','Taiwan','0248316638','yijietseng@teleworm.us',1),
(10,'LECH001','Lee Chou','L','1991-01-03','Kompleks Palem Indah Blok R-1/4 RT 011/011, DKI Jakarta','China','02186903256','leechou@teleworm.us',1),
(11,'MYMI001','Myoui Mina','P','1997-03-24','Jl. Raya Kuta 56 Blok D-E, Bali','Japan','0361754391','minamyoui@twicejapan.com',1),
(12,'SUYU001','Suzuhana Yuko','P','1983-06-07','Jl. Kelapa Puyuh 11 Kompleks Kelapa Gading Permai Blok KD/30, DKI Jakarta','Japan','0214520325','yukosuzuhana@wagakkiband.com',1),
(13,'LEJI001','Lee Ji-eun','P','1993-05-16','Jl. Kol. Yos Sudarso 11 B, DKI Jakarta','South Korea','02143902350','dlwlrma@edam-ent.com',1),
(14,'KIMI001','Kim Min-jeong','P','2001-01-01','Jl. Tarumanegara 67, DKI Jakarta','South Korea','0217499840','winter@sm-entertainment.com',1),
(15,'LEHY001','Lee Hye-ri','P','1994-06-09','Jl. Purwakarta 169, Jawa Barat','South Korea','0227270229','hyerissi@gumiho.tv',1);

/*!40101 SET SQL_MODE=@OLD_SQL_MODE */;
/*!40014 SET FOREIGN_KEY_CHECKS=@OLD_FOREIGN_KEY_CHECKS */;
/*!40014 SET UNIQUE_CHECKS=@OLD_UNIQUE_CHECKS */;
/*!40111 SET SQL_NOTES=@OLD_SQL_NOTES */;
